f0,f1,f2,f3,f4,f5,f6,f7,target
0.0845490384,0.0003443112,0,0.0008274817,0.7800408602,0.0272408362,0.0478019633,0.2668516006,0
0.0001617474,2.32658258402849E-05,0,0.00525936,0.5465116501,0.0014318442,0.0034144259,0.0005669508,0
0.0002115433,2.32658176833017E-05,0.0707698155,0.0044629427,0.4984894395,0.0018971936,0.0037558685,0.0020653208,0
0,2.32658543210871E-05,0.2358993915,0.0046282368,0.8105263114,0.001002291,0.0011950491,0.0011339016,0
0,2.32658543210871E-05,0.0511309002,0.0032230061,0.968203485,0.0017182131,0.0027315408,0.0060339766,0
0.0005973328,2.56283113233879E-05,0,0.0032661053,0.5919864774,0.0017898053,0.0038412292,0.0049203232,0
0.0005295128,1.9818715433911E-05,0,0.0018892196,0.9747899175,0.0022193585,0.0051216389,0.0020855691,0
0.0015528214,2.32528329255989E-05,0,0.0024827587,0.8461538553,0.0015034364,0.0034144259,0.0029562435,0
0,2.32658543210871E-05,0,0.0039374552,0.5210084319,0.0006443299,0.0012804097,0.0014578735,0
0,2.32658543210871E-05,0,0.0028382219,0.8137082458,0.0003579611,0.0007682458,0.0049810679,0
0.0003398429,1.88813951168748E-05,0,0.005785296,0.9677419066,0.0014318442,0.0034144259,0.0004049649,0
0,2.32658543210871E-05,0,0.0043846455,0.6271186471,0.0005011455,0.0011950491,0.0006884403,0
0,2.32658543210871E-05,0,0.0055281716,0.9834024906,0.0017898053,0.0041826718,0.0006276955,0
0,2.32658543210871E-05,0,0.0042292508,0.685185194,0.0007159221,0.0015364917,0.0011743981,0
0,2.32658543210871E-05,0,0.0023808718,0.9936908484,7.15922107674685E-05,8.53606487409305E-05,0.0041306417,0
0,2.32658543210871E-05,0,0.0038674306,0.6411483288,0.0002863688,0.0005975245,0.000749185,0
0,2.32658543210871E-05,0,0.0047996529,0.9322034121,0.0003579611,0.0007682458,0.0002227307,0
0,2.32658543210871E-05,0,0.0041139883,0.5762711763,0.0002147766,0.0005121639,0.0006074473,0
0,2.32658543210871E-05,0,0.0052334679,0.9358108044,0.0018613975,0.0043533931,0.000830178,0
0,2.32658543210871E-05,0,0.0029395557,0.8612099886,0.0006443299,0.0013657704,0.0049608196,0
0.0003398429,1.88827035056977E-05,0,0.0045729194,0.6591809988,0.002362543,0.0046948357,0.0023892927,0
0,2.32658543210871E-05,0,0.0009255273,0.9977621436,0.0008591065,0.0011950491,0.0255127868,0
0,2.32658543210871E-05,0,0.0038271958,0.6985294223,0.0002147766,0.0004268032,0.0005467026,0
0,2.32658543210871E-05,0,0.0026756994,0.8650963306,0.0002863688,0.0005121639,0.0046773442,0
0,2.32658543210871E-05,0,0.0050910606,0.9156976938,0.0019329897,0.0045241144,0.0010934051,0
0,2.32658543210871E-05,0,0.0043353105,0.437142849,0.0005011455,0.0011950491,0.0006884403,0
0,2.32658543210871E-05,0,0.0043448755,0.7661290169,0.0004295533,0.0009389671,0.0004252131,0
0,2.32658543210871E-05,0,0.0040111386,0.6588235497,0.0003579611,0.0006828852,0.0010326604,0
0,2.32658543210871E-05,0,0.0025669214,0.9296482205,0.0002147766,0.0003414426,0.0044748618,0
0,2.32658543210871E-05,0,0.0039670602,0.4534883797,7.15922107674685E-05,0.0001707213,0.0002024824,0
0.0002497338,2.04994012076447E-05,0,0.0053261456,0.9033333063,0.0018613975,0.0043533931,0.000830178,0
0,2.32658543210871E-05,0,0.0042879252,0.6717948914,0.0005011455,0.0011096884,0.0006276955,0
0,2.32658543210871E-05,0,0.003977391,0.7168674469,0.0002863688,0.0005975245,0.0005871991,0
0,2.32658543210871E-05,0,0.0025263301,0.8740741014,0.0001431844,0.0002560819,0.0043331241,0
0,2.32658543210871E-05,0,0.0038302651,0.6708860993,0.0001431844,0.0002560819,0.0003442201,0
0,2.32658543210871E-05,0,0.0037025895,0.4909090996,0.0001431844,0.0002560819,0.0003442201,0
0,2.32658543210871E-05,0,0.0043068316,0.8034682274,0.0005011455,0.0011096884,0.0007289368,0
0,2.32658543210871E-05,0,0.0039670602,0.4382022619,7.15922107674685E-05,0.0001707213,0.0002024824,0
0,2.32658543210871E-05,0,0.0025976665,0.9207459092,0.0002863688,0.0004268032,0.0046165995,0
0,2.32658543210871E-05,0,0.0041139883,0.5190839767,0.0001431844,0.0003414426,0.0004049649,0
0.0003398429,1.88836524747448E-05,0,0.0050053523,0.9397993088,0.0017898053,0.0035851472,0.0011946464,0
0,2.32658543210871E-05,0,0.0044013623,0.6461039186,0.0006443299,0.0011950491,0.0010731569,0
0,2.32658543210871E-05,0,0.00236948,0.9937106967,7.15922107674685E-05,8.53606487409305E-05,0.0041306417,0
0,2.32658543210871E-05,0,0.003807098,0.6108108163,0.0002863688,0.0005121639,0.0006884403,0
0,2.32658543210871E-05,0,0.0034711776,0.913043499,7.15922107674685E-05,8.53606487409305E-05,0.0001417377,0
0,2.32658543210871E-05,0,0.0040348732,0.3956639469,0.0002863688,0.0006828852,0.0008099297,0
0,2.32658543210871E-05,0,0.005785296,0.947368443,0.0002863688,0.0006828852,0.000080993,0
0,2.32658543210871E-05,0,0.0027604127,0.8386491537,0.0003579611,0.0006828852,0.0048595784,0
0,2.32658543210871E-05,0,0.0038877188,0.8288288116,0.0002863688,0.0005121639,0.0005264543,0
0,2.32658543210871E-05,0,0.0040006792,0.5583756566,0.0002147766,0.0005121639,0.0006074473,0
0.0003398429,1.88814293301801E-05,0,0.005785296,0.9677419066,0.0014318442,0.0034144259,0.0004049649,0
0,2.32658543210871E-05,0,0.0044078446,0.6212121248,0.0005011455,0.0011096884,0.0006276955,0
0,2.32658543210871E-05,0,0.0024829596,0.9835164547,0.0002147766,0.0002560819,0.0044343653,0
0,2.32658543210871E-05,0,0.0043112344,0.5949367285,0.0004295533,0.0010243278,0.0006884403,0
0,2.32658543210871E-05,0,0.0040837384,0.8000000119,0.0001431844,0.0002560819,0.0003644684,0
0,2.32658543210871E-05,0,0.0040192584,0.5,0.0001431844,0.0003414426,0.0004252131,0
0,2.32658543210871E-05,0,0.0043968249,0.928571403,0.0004295533,0.0008536065,0.0003644684,0
0,2.32658543210871E-05,0,0.0027736597,0.8382899761,0.0003579611,0.0006828852,0.0049000749,0
0,2.32658543210871E-05,0,0.0039670602,0.722222209,7.15922107674685E-05,0.0001707213,0.0002024824,0
0,2.32658543210871E-05,0,0.0040169602,0.6644295454,0.0002147766,0.0004268032,0.0006276955,0
0.0003398429,1.88837983314674E-05,0,0.0050355219,0.9422382712,0.0017182131,0.0034997866,0.0010934051,0
0,2.32658543210871E-05,0,0.0027452661,0.8481781483,0.0003579611,0.0004268032,0.0047178407,0
0,2.32658543210871E-05,0,0.005785296,1,0.0002863688,0.0006828852,0.000080993,0
0,2.32658543210871E-05,0,0.0040348732,0.6576576829,0.0001431844,0.0003414426,0.0004049649,0
0,2.32658543210871E-05,0,0.0037653451,0.7642857432,0.0002863688,0.0004268032,0.0007086885,0
0,2.32658543210871E-05,0,0.0040111386,0.6829268336,0.0002147766,0.0005121639,0.0006074473,0
0,2.32658543210871E-05,0,0.0028254778,0.8722109795,0.0005011455,0.0011096884,0.0046368478,0
0,2.32658543210871E-05,0,0.0039340014,0.6271186471,7.15922107674685E-05,0.0001707213,0.0002024824,0
0,2.32658543210871E-05,0,0.0039550388,0.6644951105,0.0005011455,0.0009389671,0.0012351429,0
0,2.32658543210871E-05,0,0.003204164,0.8461538553,7.15922107674685E-05,8.53606487409305E-05,0.0001417377,0
0.0003398429,1.88794233500691E-05,0,0.0050249431,0.7870619893,0.0016466208,0.0039265898,0.0010124122,0
0,2.32658543210871E-05,0,0.0023808718,0.9936908484,7.15922107674685E-05,8.53606487409305E-05,0.0041306417,0
0,2.32658543210871E-05,0,0.0040741521,0.7158176899,0.0007875143,0.001707213,0.0014578735,0
0,2.32658543210871E-05,0,0.0034711776,0.913043499,7.15922107674685E-05,8.53606487409305E-05,0.0001417377,0
0,2.32658543210871E-05,0,0.0040111386,0.6086956263,0.0002147766,0.0005121639,0.0006074473,0
0,2.32658543210871E-05,0,0.0030482044,0.8446153998,0.0008591065,0.0017925736,0.005406281,0
0,2.32658543210871E-05,0,0.0034711776,0.913043499,7.15922107674685E-05,8.53606487409305E-05,0.0001417377,0
0,2.32658543210871E-05,0,0.0040497072,0.5833333135,0.0002147766,0.0005121639,0.0006074473,0
0,2.32658543210871E-05,0,0.0037867392,0.6211180091,0.0002147766,0.0004268032,0.0005669508,0
0.0002594116,2.26503778017569E-05,0,0.003341171,0.9190405011,0.0017182131,0.0032437047,0.0055885152,0
0,2.32658543210871E-05,0,0.0045014357,0.8135592937,0.0005727377,0.0010243278,0.0007086885,0
0,2.32658543210871E-05,0,0.0044960015,0.6448597908,0.0005011455,0.0011950491,0.0006884403,0
0,2.32658543210871E-05,0,0.003204164,0.9166666865,7.15922107674685E-05,8.53606487409305E-05,0.0001417377,0
0,2.32658543210871E-05,0,0.003849655,0.6621621847,0.0004295533,0.0008536065,0.0010934051,0
0,2.32658543210871E-05,0,0.0028319631,0.8552875519,0.0003579611,0.0007682458,0.0049405714,0
0,2.32658543210871E-05,0,0.0049004863,0.7526881695,0.0003579611,0.0008536065,0.0002834754,0
0,2.32658543210871E-05,0,0.0041139883,0.7034482956,0.0002147766,0.0004268032,0.0006479438,0
0,2.32658543210871E-05,0,0.0037251663,0.7326732874,0.0002147766,0.0003414426,0.0004859578,0
0,2.32658543210871E-05,0,0.0039670602,0.6223404408,0.0002147766,0.0005121639,0.0006074473,0
0.0045389591,2.53613468828637E-05,0,0.003561457,0.6357858777,0.0148911798,0.0332052924,0.1377892968,0
0.0035382611,7.38951731339764E-05,0,0.0036541993,0.6884005666,0.0228737113,0.0518139138,0.0193168243,0
0.000286877,2.27061590846911E-05,0,0.0046282368,0.7223719954,0.0024341352,0.0055484422,0.002409541,0
0.0004724434,2.24364973302012E-05,0,0.0044206924,0.7135843039,0.001360252,0.0032437047,0.0022880515,0
0,2.32658543210871E-05,0,0.0032856949,0.7962085605,0.0010738832,0.0023900982,0.0060542248,0
0.0007765152,3.23744280189771E-05,0,0.0044367235,0.7091135979,0.0016466208,0.0039265898,0.0028145058,0
0.0006026355,2.55474723056834E-05,0,0.0047671908,0.8379408717,0.0039375716,0.0092189501,0.003988904,0
0.00052896,2.53914119149355E-05,0,0.0042542378,0.6506849527,0.0031500573,0.0067434913,0.0059732318,0
0.002702782,2.79599399767686E-05,0,0.0030351088,0.4812875092,0.0080899198,0.0184379001,0.0207746978,0
0.0122017272,2.92164463029162E-05,0,0.002414455,0.827783525,0.0229810997,0.0513871105,1,0
0.0045953964,2.9271574021684E-05,0.0052995633,0.0035932101,0.7079417706,0.0167167812,0.0379854887,0.0398282949,0
0.0002828583,2.07490612786258E-05,0,0.003966272,0.1519407034,0.0032216495,0.0069995732,0.0097394051,0
0.0067155884,3.46051038325345E-05,0,0.0024323197,0.4042916,0.0075171821,0.017498933,0.0128981311,0
0.0002530785,2.00636016683818E-05,0,0.0041731267,0.7356544137,0.0026489118,0.0057191635,0.0073298641,0
0,2.32658543210871E-05,0,0.0034102797,0.8354430199,0.001002291,0.0020486556,0.0089902201,0
0,2.32658543210871E-05,0,0.0029048418,0.5845248103,0.0014318442,0.0032437047,0.0031789742,0
0.0002594116,2.26451970520011E-05,0,0.0047089619,0.5297709703,0.0015034364,0.0035851472,0.0016198595,0
0.0002927079,2.59924678412022E-05,0,0.0040003752,0.6263020635,0.0022909507,0.0053777209,0.0051633021,0
0.0051111645,5.28464447169857E-05,0,0.0033566241,0.7475251555,0.0277061856,0.0606914213,0.0306153441,0
0.0008831997,2.11485477159882E-05,0,0.003820302,0.7286571264,0.0054052119,0.0103286385,0.0064794379,0
0,2.32658543210871E-05,0,0.0010180208,0.9800758958,0.0006443299,0.0015364917,0.0067224168,0
0.0254534369,3.73842880770209E-05,0,0.0015479576,0.82598418,0.0070518328,0.0147673922,0.0459230162,0
0,2.32658543210871E-05,0,0.0017841676,0.9404144883,0.0007517182,0.0015364917,0.0030574848,0
0.001064814,2.52470904693777E-05,0,0.0035416072,0.1328244209,0.0038659794,0.0086214255,0.0120274566,0
0.0008967892,0.000024324,0,0.0037982946,0.5691919327,0.0030068729,0.0052923602,0.005406281,0
0.0001856816,2.32658312463588E-05,0,0.005785296,0.947368443,0.0008591065,0.0020486556,0.0002429789,0
0.0002786034,2.3037142359173E-05,0,0.0045287049,0.6123127937,0.0015750286,0.0029876227,0.0019438314,0
0.0001524688,2.32658278615995E-05,0,0.005785296,0.7700534463,0.0011454754,0.0027315408,0.0003239719,0
0,2.32658543210871E-05,0,0.0028360999,0.8528826833,0.0005011455,0.0011096884,0.0046165995,0
0,2.32658543210871E-05,0,0.0047965362,0.9491525292,0.0007159221,0.0015364917,0.0004454614,0
0,2.32658543210871E-05,0,0.0038568639,0.75,0.0005727377,0.0007682458,0.0013768806,0
0,2.32658543210871E-05,0,0.0054331474,0.8928571343,0.0007159221,0.0013657704,0.0003442201,0
0.000350896,2.27818285169815E-05,0,0.0052505207,0.8552188277,0.0016466208,0.0038412292,0.0007896815,0
0.0001856816,2.32658285574393E-05,0,0.0030470598,0.9510204196,0.0010738832,0.0023047375,0.004657096,0
0.0001119515,2.32658317965731E-05,0,0.0046282368,0.7443946004,0.0007875143,0.0017925736,0.0007086885,0
0.0001856816,2.32658293275453E-05,0,0.005785296,0.9642857313,0.0008591065,0.0020486556,0.0002429789,0
0.0001119515,2.32658326357812E-05,0,0.0048324239,0.6780487895,0.0007159221,0.0016218523,0.0005871991,0
0.0001989873,0.000020933,0,0.005785296,0.9890109897,0.0014318442,0.0034144259,0.0004049649,0
0.0001119515,2.3265832008145E-05,0,0.0029659827,0.8978805542,0.0008591065,0.0017925736,0.0047583372,0
0,2.32658543210871E-05,0,0.005785296,1,0.0005727377,0.0013657704,0.0001619859,0
0,2.32658543210871E-05,0,0.0054783213,0.8167939186,0.0015034364,0.0035851472,0.0006074473,0
0.0001856816,2.32658256453034E-05,0,0.0052352185,0.9558823705,0.0009306987,0.0021340162,0.0003847166,0
0,2.32658543210871E-05,0,0.0026824882,0.8835616708,0.0002863688,0.0004268032,0.0044546136,0
0.0001856816,2.32658245769124E-05,0,0.005785296,0.9642857313,0.0008591065,0.0020486556,0.0002429789,0
0,2.32658543210871E-05,0.0191269774,0.0039730983,0.5692307949,0.0008233104,0.0016218523,0.0035029461,0
0,2.32658543210871E-05,0,0.0053645471,0.9595959783,0.0006443299,0.001451131,0.0003037237,0
0,2.32658543210871E-05,0,0.0041803428,0.5244444609,0.0005011455,0.0011950491,0.0005669508,0
0.0002962523,0.000020501,0,0.0035724204,0.9792746305,0.0020761741,0.004865557,0.0046975925,0
0.000350896,2.2781808934366E-05,0,0.0051276866,0.8161559701,0.0017182131,0.0040973111,0.0009719157,0
0.0001856816,2.32658355270734E-05,0,0.0052352185,0.9701492786,0.0009306987,0.0021340162,0.0003847166,0
0.0001355598,2.3135797775545E-05,0,0.0040957849,0.7344827652,0.001002291,0.001707213,0.0012553911,0
0,2.32658543210871E-05,0,0.0029154248,0.9857142568,0.0007875143,0.001451131,0.0044748618,0
0,2.32658543210871E-05,0,0.0041410539,0.3243243098,7.15922107674685E-05,0.0001707213,0.0002227307,0
0.0001856816,2.32658301297933E-05,0,0.0052352185,0.9558823705,0.0009306987,0.0021340162,0.0003847166,0
0,2.32658543210871E-05,0,0.00425152,0.75,0.0006443299,0.0013657704,0.0007896815,0
0,2.32658543210871E-05,0,0.0050648629,0.8604651093,0.0006443299,0.0015364917,0.0003644684,0
0,2.32658543210871E-05,0,0.0025986411,0.9454094172,0.0002147766,0.0003414426,0.0045558548,0
0.0002962523,2.04995492252077E-05,0,0.005785296,0.992125988,0.0020045819,0.0047801963,0.0005669508,0
0,2.32658543210871E-05,0,0.0043023047,0.7653631568,0.0005727377,0.0011096884,0.0007086885,0
0,2.32658543210871E-05,0,0.005785296,0.9729729891,0.0005727377,0.0013657704,0.0001619859,0
0,2.32658543210871E-05,0,0.0036753645,0.4621212184,0.0001431844,0.0002560819,0.0003442201,0
0,2.32658543210871E-05,0,0.0028230325,0.9897959232,0.0006443299,0.001451131,0.0042926276,0
0,2.32658543210871E-05,0,0.0038568639,0.5729166865,0.0001431844,0.0002560819,0.0003442201,0
0.0001856816,2.32658377819713E-05,0,0.0049452392,0.949685514,0.001002291,0.0022193769,0.0005264543,0
0,2.32658543210871E-05,0,0.0050787731,0.868131876,0.001360252,0.0032437047,0.0008504262,0
0.0001856816,2.32658309769984E-05,0,0.0030192014,0.9906322956,0.0009306987,0.0021340162,0.0043736206,0
0,2.32658543210871E-05,0,0.0042425505,0.71875,0.0005011455,0.0010243278,0.0005669508,0
0.0002962523,2.05008765213835E-05,0,0.0055168584,0.9716312289,0.0020761741,0.004865557,0.0007086885,0
0,2.32658543210871E-05,0,0.0049004863,0.4761904776,0.0003579611,0.0008536065,0.0002834754,0
0.0001856816,2.32658315398423E-05,0,0.005785296,0.9818181992,0.0008591065,0.0020486556,0.0002429789,0
0,2.32658543210871E-05,0,0.0029380616,0.9264990091,0.0007159221,0.0010243278,0.0051633021,0
0,2.32658543210871E-05,0,0.0049474257,0.9230769277,0.0007875143,0.001451131,0.0004859578,0
0,2.32658543210871E-05,0,0.0041473812,0.6728110313,0.0003579611,0.0007682458,0.0007896815,0
0.0001856816,2.32658287182923E-05,0,0.005785296,0.9642857313,0.0008591065,0.0020486556,0.0002429789,0
0,2.32658543210871E-05,0,0.003820132,0.668604672,0.0002863688,0.0005121639,0.0006884403,0
0,2.32658543210871E-05,0,0.0029859592,0.9405737519,0.0008591065,0.0018779343,0.0046773442,0
0,2.32658543210871E-05,0,0.0041139883,0.4503311217,0.0001431844,0.0003414426,0.0004049649,0
0.0002962523,0.000020499,0,0.005785296,0.9692307711,0.0020045819,0.0047801963,0.0005669508,0
0,2.32658543210871E-05,0,0.004165413,0.7279693484,0.0006443299,0.0013657704,0.0009719157,0
0,2.32658543210871E-05,0,0.005785296,0.947368443,0.0005727377,0.0013657704,0.0001619859,0
0,2.32658543210871E-05,0,0.0032958655,0.9054487348,0.0015034364,0.0035851472,0.0050418126,0
0.0001856816,2.326583028134E-05,0,0.005785296,0.9818181992,0.0008591065,0.0020486556,0.0002429789,0
0,2.32658543210871E-05,0,0.0042628497,0.7411167622,0.0005727377,0.0011950491,0.0007694333,0
0.0001856816,2.32658337966745E-05,0,0.005785296,0.9642857313,0.0008591065,0.0020486556,0.0002429789,0
0,2.32658543210871E-05,0,0.0027670596,0.8330241442,0.0003579611,0.0006828852,0.0048798267,0
0,2.32658543210871E-05,0,0.0053645471,0.9595959783,0.0006443299,0.001451131,0.0003037237,0
0,2.32658543210871E-05,0,0.0042181398,0.7438423634,0.0005727377,0.0011950491,0.0007694333,0
0.000426244,1.93513213477592E-05,0,0.005785296,0.9908257127,0.0034364261,0.0081946223,0.0009719157,0
0.0001119515,2.32658323437114E-05,0,0.0047439426,0.7465437651,0.0007875143,0.0018779343,0.000749185,0
0,2.32658543210871E-05,0,0.002872068,0.9855769277,0.0007159221,0.0015364917,0.0044343653,0
0,2.32658543210871E-05,0,0.0037912154,0.7467249036,0.0005011455,0.0005121639,0.0011946464,0
0,2.32658543210871E-05,0,0.0054331474,0.9259259105,0.0007159221,0.0013657704,0.0003442201,0
0.0229631248,7.00361802397802E-05,0,0.0021453684,0.6994612813,0.0244129439,0.0536918481,0.1015246927,0
0.0650421661,2.83532953898203E-05,0,0.0013034651,0.8844553828,0.007123425,0.0154502774,0.0409217,0
0.0016210006,2.75377063731992E-05,0,0.0040529464,0.5832172632,0.0045103093,0.0090482288,0.010731569,0
0.0005435614,0.000025187,0,0.0045341323,0.482432425,0.0034722222,0.0064020487,0.0057505011,0
0,2.32658543210871E-05,0.0246662846,0.0093628701,0.3123515546,0.023446449,0.0006828852,0.0006276955,1
0,2.32658543210871E-05,0,0.0093506074,0.6875,0.0213344788,0,0,1
0,2.32658543210871E-05,0,0.009575662,0.7120000124,0.0257731959,0,0,1
0,2.32658543210871E-05,0,0.0096589289,0.7259713411,0.0257731959,0,0,1
0,2.32658543210871E-05,0,0.0096589289,0.7200811505,0.0257731959,0,0,1
0,2.32658543210871E-05,0,0.0094416029,0.7228260636,0.0255584192,0,0,1
0,2.32658543210871E-05,0,0.0093342597,0.7326530814,0.0257731959,0,0,1
0,2.32658543210871E-05,0,0.0092824755,0.7313739061,0.0255584192,0,0,1
0,2.32658543210871E-05,0.4717987829,0.0123419652,0.7127429843,0.0257731959,0,0,1
0,2.32658543210871E-05,0,0.0092822581,0.7395476103,0.0257731959,0,0,1
0,2.32658543210871E-05,0,0.0092564736,0.7438016534,0.0257731959,0,0,1
0,2.32658543210871E-05,0,0.0092822581,0.7202937007,0.0257731959,0,0,1
0,2.32658543210871E-05,0,0.0094668478,0.7302452326,0.0257731959,0,0,1
0,2.32658543210871E-05,0.4756423523,0.0127188192,0.7178362608,0.0257731959,0,0,1
0,2.32658543210871E-05,0,0.0097152494,0.7290809155,0.0257731959,0,0,1
0,2.32658543210871E-05,0.2282897218,0.0109977905,0.7260468602,0.0257731959,0,0,1
0.0118075993,5.43369318765732E-05,0.0293466183,0.0085919742,0.962389648,0.0438860252,0.0478873239,0.0238321826,1
0,2.32658543210871E-05,0,0.0194005554,0.772418499,0.014604811,0.033290653,0,1
0.0392555895,3.70141029947419E-05,0,0.0070481801,0.901910603,0.029209622,0.0337174563,0.001417377,1
0.0041817135,2.28641267321573E-05,0,0.0092113643,0.854834199,0.0309278351,0.0378147674,0.0013161358,1
0.0037332578,1.93018946460754E-05,0,0.0117889056,0.7771806717,0.0345432417,0.0219376867,0.0007289368,1
0.0034680644,1.08520570858658E-05,0,0.009538321,0.7646116614,0.0406643757,0.0051216389,0.0010934051,1
0.003308932,1.19674180416081E-05,0,0.0095187401,0.763848424,0.0401632302,0.0035851472,0.0008504262,1
0.0033088728,1.38267361568646E-05,0,0.0095187401,0.7641666532,0.0401632302,0.0035851472,0.0008504262,1
0.003261948,1.26697365281461E-05,0,0.0094750079,0.764382422,0.0400200458,0.0030729834,0.0007289368,1
0.0033459429,1.05499024601352E-05,0,0.0094547175,0.7676641941,0.0401632302,0.0040973111,0.0008504262,1
0.0032910702,1.31947018833446E-05,0.0565644293,0.0098399313,0.7713325024,0.040091638,0.0040973111,0.0009719157,1
0.0033411969,1.28966276444467E-05,0,0.009688442,0.7634718418,0.0403780069,0.0040973111,0.0009719157,1
0.0033174025,1.44808837500935E-05,0,0.0094713831,0.7663746476,0.0401632302,0.0035851472,0.0008504262,1
0.0033291698,1.15776110885265E-05,0,0.0094089693,0.7741799951,0.0401632302,0.0035851472,0.0008504262,1
0.0033692455,1.2303562685809E-05,0,0.0094837197,0.7679307461,0.0401632302,0.0042680324,0.0009719157,1
0.003048136,1.18755175021584E-05,0.337884443,0.0117435668,0.7652971745,0.0403780069,0.0040973111,0.0009719157,1
0.0031901049,1.34678760387816E-05,0.0874192026,0.0098583888,0.7773897648,0.0399484536,0.0030729834,0.0007289368,1
0.0034364366,3.67655026358752E-05,0,0.0095247772,0.7965604067,0.0405927835,0.004609475,0.0010934051,1
0.0033170673,1.21119076725719E-05,0,0.0095183043,0.7877358198,0.0402348225,0.0035851472,0.0008504262,1
0.0055083658,2.90222587848065E-05,0.0015180732,0.0093800841,0.9950519204,0.0046176976,0.0040119505,0.0058719906,1
0.0800070066,1.54243959551098E-05,0.0333426683,0.0102634438,0.9941830039,0.0917812142,0.1014084507,0.2032721161,1
0.0093185963,0.0057155515,0.4738397004,0.0116349567,0.5104533434,0.1135810424,0.0218523261,0.0523417094,1
0.0194298111,0.0186763355,0.3740334139,0.0128583977,0.8826915622,0.1869988545,0.0297908664,0.0819851378,1
0.0182241282,0.0204147097,0.3912523358,0.0109104904,0.782913208,0.199062142,0.0303030303,0.1070524632,1
0.0054692939,0.0106163534,0.8364864791,0.0171485539,0.8609201312,0.1617268041,0.0081092616,0.0168060421,1
0.0049610135,0.0146289552,0.8093931853,0.0147400557,0.8620150089,0.1628006873,0.0073410158,0.0223338125,1
0.017816242,0.0131278607,0.4019531358,0.0138992055,0.9435579777,0.1811998855,0.0291079812,0.0583959342,1
0.0037074615,0.0106210443,1,0.0182741359,0.8954497576,0.1514175258,0.00657277,0.009152206,1
0.0156055988,0.0095768024,0.4372507772,0.014229627,0.9535530806,0.1696735395,0.0256081946,0.0543462855,1
0.0168806887,0.0068511249,0.4370900775,0.0143172559,0.9736939669,0.1655569874,0.0277422108,0.0570797983,1
0.0109401615,0.0066187692,0.5535487767,0.0152163896,0.9883767962,0.1573238832,0.0204865557,0.0398080467,1
0.0110409893,0.0047618488,0.5592314996,0.0147869714,0.9944156408,0.1514175258,0.0224498506,0.0494664588,1
0.0042355411,0.0031486463,0.8119817811,0.0158682407,0.9953102469,0.1524556128,0.0123772941,0.0285702715,1
0.0072658889,0.0064712602,0.6748520159,0.0149074083,1,0.1499498855,0.0162185233,0.0332881123,1
0.0159124932,0.0054873391,0.389624497,0.0125447487,0.9997106791,0.1551045246,0.0403755869,0.0829368052,1
0.0099033403,0.005216856,0.333446679,0.0126753915,1,0.1263244559,0.0263764405,0.0460445056,1
0.016863746,0.0064896205,0.0382032527,0.0101337368,0.9996777177,0.1003006873,0.0644472898,0.0980014984,1
0.0016731169,4.21237384146964E-06,0.0817289203,0.0121816604,0.9976433516,0.0456400344,0.0058045241,0.0029562435,1
0.0016478585,0.00000609,0.1252227311,0.010877742,0.9977708459,0.0444587629,0.0034144259,0.0024500375,1
0.0020370261,8.28987235090619E-06,0.093642866,0.0113855643,1,0.0531214204,0.0055484422,0.0040496487,1
0.0022227257,7.23379765115652E-06,0.1093865965,0.0108979132,0.9933532476,0.0549112257,0.0067434913,0.0038674145,1
0.0018346962,6.60770856967828E-06,0.1275131759,0.0107071155,1,0.0495060137,0.0034144259,0.0026930164,1
0.0020003056,4.19928058959947E-06,0.1198103867,0.0110546671,0.998079896,0.0510094502,0.0052923602,0.0026727681,1
0.0018194833,7.37662343506238E-06,0.1038649696,0.011657507,1,0.0481099656,0.0059752454,0.0042723794,1
0.0020475127,4.49387803639828E-06,0.099580172,0.0111542023,1,0.0557345361,0.0086214255,0.0045558548,1
0.0028470954,5.68648039075724E-06,0.0924271877,0.0102076619,0.9994066954,0.0729524628,0.0034144259,0.0025512787,1
0.0036704288,3.84421418686464E-06,0.0789721524,0.0099594037,0.9987335205,0.0898840206,0.0010243278,0.0012148946,1
0.0046587212,6.378284948505E-06,0.0595158996,0.010487203,1,0.0940005727,0.0081946223,0.0056897564,1
0.0037701839,0.000006087,0.068921469,0.0101181483,1,0.0934278351,0.0072556551,0.0039281592,1
0.0036136934,5.92043745495346E-06,0.0753234594,0.01002194,1,0.091387457,0.0034144259,0.0025715269,1
0.003744153,7.19476999358509E-06,0.0754878035,0.0100462271,1,0.0914232532,0.003158344,0.0021868103,1
0.0037497166,8.81344108296814E-06,0.0604944434,0.0104096884,0.9989785552,0.0926045246,0.0058045241,0.0042116346,1
0.0036017555,3.75443127094333E-07,0.0637696477,0.0104081436,1,0.0959693585,0.0112676056,0.005325288,1
0.003714092,5.08477135049924E-06,0.0782379884,0.0099911149,1,0.0895618557,0.0012804097,0.0017211007,1
0.0039041953,6.29122181028542E-06,0.0802751213,0.0098616186,1,0.0898840206,0.0010243278,0.0012148946,1
0.0038874012,7.25874527310478E-06,0.0691664142,0.0103403857,0.9988906384,0.091387457,0.0034144259,0.0030372365,1
0.0038332592,4.12582066156914E-06,0.0683616202,0.0102284356,1,0.0932846506,0.0059752454,0.0044748618,1
0.0036657835,4.54566329530784E-06,0.0720970576,0.0102116707,1,0.0927119129,0.0052923602,0.0028347541,1
0.0039041953,6.28629365376129E-06,0.0770951198,0.0100332913,1,0.0902061856,0.0012804097,0.0018223419,1
0.0010230487,5.579549045937E-06,0.4483975615,0.0151168004,0.9960159659,0.0315721649,0.0006828852,0.0006479438,1
0.0028287858,3.03803462151047E-05,0.0982159256,0.0103847094,0.9997258186,0.0722365407,0.0053777209,0.003158726,1
0.003744153,7.163593389231E-06,0.0751961341,0.0100579922,1,0.0912800687,0.003158344,0.0020653208,1
0.02788954,5.9076107067246E-06,0.0231325443,0.0031486568,1,0.0975085911,0.0072556551,0.1510923927,1
0.003689489,6.67120126152313E-06,0.0647913438,0.0106697734,0.9989607334,0.0938573883,0.0074263764,0.0042926276,1
0.0036591801,5.48868282872774E-06,0.0758248003,0.0105669333,1,0.0948238832,0.011182245,0.0065806791,1
0.0039067818,6.3487044848784E-06,0.0786529908,0.0099952187,1,0.0898840206,0.0010243278,0.0012553911,1
0.0034100662,2.8862056243206E-07,0.0712230547,0.009939547,1,0.0933562428,0.0055484422,0.0034017049,1
0.0033843637,0,0.0711742135,0.0102494531,0.9988584518,0.0926045246,0.0074263764,0.0035231944,1
0.0036569252,0.000001703,0.0716986385,0.0102060309,1,0.0924971363,0.0055484422,0.0033207119,1
0.0036859236,6.03607698632394E-06,0.0728731994,0.0101303128,1,0.0925687285,0.0052923602,0.0027740094,1
0.0038248927,0.000005098,0.0777690263,0.0099864793,1,0.0901345934,0.0012804097,0.0018425902,1
0.003642233,4.69127944436635E-06,0.0723987901,0.0101938377,0.9988388419,0.092389748,0.0052923602,0.0028347541,1
0.0037224569,7.2167183691483E-06,0.0754878035,0.0100914832,1,0.0908505155,0.0034144259,0.0020248243,1
0.0039024255,6.33174620992894E-06,0.0787325383,0.0098992841,1,0.0898482245,0.0012804097,0.0017615972,1
0.0038619546,1.0577768657096E-05,0.0751961341,0.0100805347,1,0.0913158648,0.0033290653,0.0020855691,1
0.003916325,8.59590784587853E-06,0.0846997773,0.0099712869,0.998765111,0.0912800687,0.0030729834,0.0022678033,1
0.0041399472,9.36260280795842E-06,0.1225311363,0.0102782434,1,0.0904567583,0.0011096884,0.0015996112,1
0.0036873917,8.73352168289624E-06,0.0894395396,0.0104635493,1,0.0947880871,0.0055484422,0.0040294004,1
0.0039716931,9.01462396152255E-06,0.0831315919,0.0108109961,1,0.096792669,0.0064020487,0.0058517424,1
0.0037826669,9.86524740277598E-06,0.082191193,0.0109282705,0.999058187,0.098510882,0.0099018353,0.007066637,1
0.0039261979,1.29313127332248E-05,0.083911291,0.010085519,1,0.0907431271,0.0033290653,0.0021665621,1
0.0038788005,7.49921222895038E-06,0.0717978288,0.0101855364,1,0.0923539519,0.0039265898,0.0033004637,1
0.0035034213,0.000008295,0.0708503249,0.0102301272,1,0.0926761168,0.0071702945,0.0036649321,1
0.0039368138,8.82155719926659E-06,0.0791854053,0.0100830716,1,0.0913158648,0.0033290653,0.0022273068,1
0.0037420045,9.76270544495633E-06,0.0890119994,0.0100442585,0.9987586737,0.0912442726,0.0016218523,0.0020045761,1
0.0841698384,0.0003807833,0,0.0013407994,0.9207680821,0.0124570447,0.0264618011,0.1131471845,0
0.0447334902,0.000091998,0,0.0021920383,0.8694535494,0.0160366552,0.0354246692,0.181302772,0
0.0239023184,3.82473392313213E-05,0,0.0020570753,0.8659120798,0.0230526919,0.0525821596,0.1275234373,0
0.0248079002,0.000036931,0,0.0026699515,0.8696449995,0.0259879725,0.0594110115,0.1175410533,0
0.1847806069,2.37201475023926E-05,0,0.001164779,0.9554795623,0.0171105384,0.0399487836,0.13706036,0
0.0024003403,1.37011236270678E-05,0,0.0031490971,0.8030873537,0.011562142,0.0233888178,0.0393828335,0
0.023589469,5.24386048310281E-05,0,0.0027734448,0.9097620249,0.0392325315,0.09210414,0.1246886833,0
0.0192993651,2.07297647943638E-05,0,0.002954752,0.8789821863,0.0308562428,0.0723004695,0.084414927,0
0.0140568091,4.33621491435982E-05,0,0.0023766889,0.9238930941,0.0116695304,0.026973965,0.0814586835,0
0.0376378207,4.4000701952129E-05,0,0.0014002995,0.9716898203,0.0098797251,0.0227059326,0.1156579667,0
0.0418265032,3.54729081152919E-05,0,0.0024585384,0.9602916241,0.0371563574,0.0853606487,0.1787514933,0
0.0003650918,1.19250684521615E-05,0.0138341608,0.0059678835,0.88150388,0.0025057274,0.0040119505,0.0170895175,1
0.000590262,7.45607465306168E-06,0,0.0056149674,0.9886621237,0.0021119702,0.0040973111,0.0133638407,1
0.0006798738,6.43862857570158E-06,0.0122016917,0.0049900534,0.9630188942,0.0022909507,0.004609475,0.0022070585,1
0.0005739028,0.000006805,0,0.0077098222,0.9922729135,0.002362543,0.0044387537,0.0292789601,1
0.0172762089,8.92929957949258E-06,0,0.0051975608,0.9804974794,0.0073382016,0.0071702945,0.0033612084,1
0.0011380383,0.000012553,0,0.0085398436,0.8963414431,0.0147121993,0.004865557,0.0021058173,1
0.0018247309,1.46024029280156E-05,0.0080879789,0.0079378506,0.9326550364,0.0173611111,0.0180110969,0.0075930913,1
0.0047788244,1.90841744962968E-05,0.012366449,0.0097711462,0.9787509441,0.02104811,0.0503627828,0.0134448337,1
0,2.32658543210871E-05,0,0.6715309905,0.5830791593,0.2696520619,0.0766538626,0.0420758499,1
0,2.32658543210871E-05,0,0.3906670859,0.9876389503,0.5732746277,0.0011950491,0.000080993,1
0.3968529503,1.85142226061629E-05,0,0.5500206355,0.9715825915,0.6505584192,0.5602219377,0.0896794703,1
0.4247387587,1.36803493080866E-05,0,0.6262890857,0.8731410503,0.752720504,0.4349125053,0.1540891328,1
0.5912290237,2.15458239738278E-05,0,0.6718047892,0.930979073,0.8365191867,0.7182244985,0.1834490858,1
0.4284212252,1.57144282665607E-05,0,0.6597416137,0.9035492539,0.908970504,0.334869825,0.1837528094,1
0.4695481282,1.41079241488242E-05,0,1,0.8692683578,1,0.1994878361,0.1415554701,1
0.3361266932,1.48789227845714E-05,0,0.6023738216,0.9340966344,0.7631729668,0.4003414426,0.0643286695,1
0.2906652585,0.000014308,0,0.5362894205,0.9075941443,0.6532789233,0.1539906103,0.1206187863,1
0.4609681168,0.000018339,0,0.5709432165,0.942397058,0.6784793814,0.5153222364,0.1577135683,1
0.5552110445,1.7059629885661E-05,0,0.5362660448,0.9398539066,0.5899914089,1,0.1373843319,1
0.4773828421,1.49672752241909E-05,0,0.2536482252,0.9530810118,0.4934851088,0.6599231754,0.1734464535,1
0.5423976739,1.71477496748044E-05,0.000254148,0.5323611819,0.9667650461,0.636562142,0.979342723,0.1217324397,1
1,1.76114847379888E-05,0,0.3334073798,0.9486736655,0.6211340206,0.880921895,0.1547978213,1
0.6090861986,2.00756224231657E-05,0,0.6135283131,0.9673919082,0.7839347079,0.6775928297,0.1840970296,1
0.5598522356,1.93149144293741E-05,0.0107572731,0.5876261543,0.9581925273,0.6801260023,0.8990183525,0.1925000506,1
0.4724878503,0.000014999,0,0.4677678786,0.9315338135,0.5885237686,0.9413572343,0.1189179339,1
0.441273314,1.49687301900165E-05,0,0.4561525126,0.9865108132,0.5250572738,0.5240290226,0.1683641444,1
0.5432456027,1.54298772867597E-05,0,0.5232292489,0.9668041468,0.5771406071,0.7802816901,0.1498977464,1
0.5466152653,1.64839460063983E-05,0,0.5143606626,0.9644179344,0.4281930126,0.8447289799,0.2134772309,1
0.46028157,1.66398873708578E-05,0,0.5771038294,0.9608187675,0.6055985109,0.4216816048,0.2493976148,1
0.2976927819,1.52619158877964E-05,0.002071771,0.4279737354,0.9300512075,0.6068871707,0.3600512164,0.1408467815,1
0.2446729074,0.000010741,0.004464688,0.4609397533,0.9689419866,0.6189862543,0.2736662399,0.1051693766,1
0.1740813908,1.07215769030741E-05,0.0063654931,0.3581988421,0.9379169941,0.6848868843,0.0253521127,0.0405167352,1
0.2424733765,1.1036741228182E-05,0.0049111601,0.4748631642,0.974247098,0.7469931271,0.1424669227,0.0702411566,1
0.2003476979,1.12831713830722E-05,0.0080637426,0.3316778644,0.9702092409,0.6020904926,0.2789586001,0.0212404074,1
0.2239423784,1.18864643192958E-05,0.0046996321,0.34036054,0.9640766978,0.5761383162,0.3120785318,0.0576265009,1
0.5313804916,2.06367888767074E-05,0,0.5145607681,0.9651798606,0.6547465636,0.8454118651,0.1223601353,1
0.4864567631,2.08836688465274E-05,0,0.4883228051,0.9672852755,0.6376718213,0.7729406743,0.1422844068,1
0.4938737692,1.47895396241121E-05,0,0.4862917721,0.9895094633,0.6926546392,0.6850192061,0.1614797416,1
0.5451563744,1.96091481347165E-05,0,0.5965445992,0.9426904917,0.7469215349,0.6295347845,0.1535019337,1
0.3707764886,1.83125304895695E-05,0.0056233716,0.5265278987,0.927475214,0.4912657503,0.5781476739,0.1401178448,1
0.6008439896,2.27847367379674E-05,0,0.4571077362,0.9709562063,0.4766967354,0.8483994878,0.1207200275,1
0.5311340979,1.7086801012314E-05,0,0.4931411544,0.9730060697,0.5901703895,0.9092616304,0.1059995545,1
0.0120859531,2.44472753170974E-05,0.0051651529,0.005836369,0.6554267406,0.0189719359,0.0232180965,0.085832304,1
0.0360375277,0.000331178,0.0008357952,0.0084145939,0.993981123,0.263924685,0.0464361929,0.1157187114,1
0.0028995634,3.56726028951356E-05,0,0.0068338131,0.9561753273,0.0070876289,0.0151941955,0.0213011521,1
0.002924435,3.89435691900753E-05,0.0044281453,0.0088874449,0.9413654804,0.0138172967,0.0198890312,0.0189726041,1
0.0042189215,5.11589465412507E-05,0.0036728849,0.0074006388,0.9738111496,0.0089848225,0.0187793427,0.0154291615,1
0.004254532,5.54531384411666E-05,0,0.0102146302,0.9429348111,0.009163803,0.0204865557,0.0113390163,1
0.0035528438,4.00291624093619E-05,0.0069227922,0.0084647251,0.9541790485,0.0101660939,0.0203158344,0.0101646182,1
0.0153674204,0.0001014018,0.0099025976,0.008188576,0.9808171988,0.0195446735,0.0409731114,0.0218478547,1
0.0063714549,0.0001133332,0.3151692115,0.0134456678,0.9152385592,0.0361182703,0.0433632096,0.0219895924,1
0.0052618893,0.000093387,0.412105871,0.0139733358,0.9059951901,0.0398052692,0.041058472,0.0191750866,1
0.0058403364,0.000085964,0.2438825062,0.0102695725,0.893266499,0.0616408935,0.0420827998,0.0274768664,1
0.0065911623,9.25898417542783E-05,0.2218911002,0.010871097,0.891679287,0.0618914662,0.0419974392,0.0225565432,1
0.0057251795,8.31113415546694E-05,0.2831552425,0.0127477662,0.8590453267,0.063502291,0.0414852753,0.0212809039,1
0.0063732812,9.68256938462684E-05,0.3995891949,0.0135334148,0.8209990859,0.0719143757,0.0386683739,0.0224957985,1
0.019425657,8.13603290786862E-05,0.2064776723,0.0056093183,0.9187078476,0.0768542383,0.0501067008,0.0265454472,1
0.2120191198,0.0006778,0.1324769261,0.0166891061,0.9863557816,0.7408719931,0.7354673496,0.391965497,1
0.0099542071,3.28192139529833E-05,0,0.0010014033,0.976619184,0.0039375716,0.0093043107,0.1895640553,0
0.1818532858,4.31643112458825E-05,0,0.0012117106,0.9556221366,0.0146764032,0.0342296201,0.312875858,0
0.1217072127,0.000055346,0,0.0019406417,0.9216474295,0.0363688431,0.0815194195,0.3303095956,0
0.0304861921,3.36318743106704E-05,0,0.0020777342,0.9025631547,0.0232674685,0.0530089629,0.1630388564,0
0.0273268283,3.14800670085019E-05,0,0.0025675573,0.9407628775,0.0231600802,0.0525821596,0.133982627,0
0.0669229733,5.96764317291294E-05,0,0.0020657791,0.9436440468,0.0405211913,0.0927016645,0.2362565047,0
0.0427469901,4.73234736738214E-05,0,0.0022236652,0.9501027465,0.0422394044,0.0954332053,0.2057828983,0
0.0307631396,3.20150881943396E-05,0.000352583,0.0022521053,0.9032852054,0.0258805842,0.0601792574,0.126247798,0
0.008904243,2.37027250519286E-05,0,0.0019324379,0.9312227368,0.0020045819,0.0046948357,0.0216453723,0
0.0310364326,0.000028682,0,0.0016375462,0.9293009639,0.0044387171,0.0110968843,0.0472998967,0
0.0156706166,3.21802196127441E-05,0,0.0028866907,0.8779129982,0.0142468499,0.033546735,0.0738048474,0
0,2.32658543210871E-05,0,0.0013624575,0.932040453,0.0005727377,0.0013657704,0.0381679389,0
0,2.32658543210871E-05,0,0.0044568207,0.7327188849,0.0002863688,0.0006828852,0.0005062061,0
0.0344382797,2.59549180183499E-05,0,0.0018382894,0.9180832505,0.002720504,0.006316688,0.0416911333,0
0,2.32658543210871E-05,0,0.0045139594,0.7239819169,0.0002863688,0.0006828852,0.0005062061,0
0.7082708605,4.55342388134316E-05,0,0.0009535419,0.9923200607,0.002720504,0.0061459667,0.2684917083,0
0,2.32658543210871E-05,0,0.0010171083,0.985599339,0.0009306987,0.0022193769,0.0165428149,0
0.4686872092,1.76716270468942E-05,0,0.0009167754,0.9913178682,0.0019329897,0.0049509176,0.1075181728,0
0,2.32658543210871E-05,0,0.0044112882,0.7396449447,0.0002147766,0.0005121639,0.0004252131,0
0,2.32658543210871E-05,0,0.0011844514,0.9535835981,0.0005011455,0.0011950491,0.0218478547,0
0.009774732,3.3649207131278E-05,0,0.0028320298,0.915324688,0.0162514318,0.0379854887,0.0617166461,0
0.0123158925,0.000032094,0,0.0022732663,0.9421807528,0.0133519473,0.0306444729,0.0784011987,0
0,2.32658543210871E-05,0,0.0049175016,0.7333333492,7.15922107674685E-05,0.0001707213,4.04964869297588E-05,0
0.0532499778,0.0002788315,0,0.0028530582,0.9193050861,0.0059421535,0.0139137857,0.1288800697,0
0,2.32658543210871E-05,0,0.0007911068,0.8186134696,0.0005011455,0.0011950491,0.0133638407,0
0.023923531,2.38001463133468E-05,0,0.0014508834,0.8137699962,0.0035080183,0.0081946223,0.0399497844,0
0,2.32658543210871E-05,0,0.004825183,0.108597286,0.0002147766,0.0005121639,0.0001214895,0
0.0267035563,3.23784687904036E-05,0,0.0017232619,0.8792225718,0.0080899198,0.0186086214,0.0904691518,0
0.0011040275,2.19366171704523E-05,0,0.0022468143,0.7525078654,0.0070876289,0.0165599659,0.0257152692,0
0,2.32658543210871E-05,0,0.0007192198,0.7778837085,0.0002147766,0.0005121639,0.011561747,0
0,2.32658543210871E-05,0,0.0049367862,0.0457227156,7.15922107674685E-05,0.0001707213,4.04964869297588E-05,0
0,2.32658543210871E-05,0,0.0008495265,0.7741456032,0.0002863688,0.0006828852,0.0128576346,0
0,2.32658543210871E-05,0,0.0049175016,0.0524642281,7.15922107674685E-05,0.0001707213,4.04964869297588E-05,0
0,2.32658543210871E-05,0,0.0008061193,0.6948022842,0.0001431844,0.0003414426,0.0061149695,0
0,2.32658543210871E-05,0,0.0046282368,0.1689291149,0.0002147766,0.0005121639,0.0004657096,0
0.0134038198,3.0567546295851E-05,0,0.0017748353,0.9050876498,0.0103808706,0.0247545881,0.0825520886,0
0.0031234142,8.75563572288513E-06,0,0.002097862,0.8719208241,0.0114547537,0.0268032437,0.0676696297,0
0.008602348,3.30842892788446E-05,0,0.0021477406,0.886906743,0.013244559,0.0310712761,0.0733391378,0
0.0065854309,3.3604236442505E-06,0,0.0026179969,0.9004974961,0.0219072165,0.0508749466,0.1113450908,0
0,2.32658543210871E-05,0,0.0011185707,0.7814851403,0.0007159221,0.001707213,0.0115414988,0
0.0119186889,0.000026216,0,0.0019077083,0.9107566476,0.0079467354,0.0193768673,0.0582541964,0
0.0156385058,1.96138277946022E-05,0,0.0011215666,0.791015625,0.0005727377,0.0013657704,0.0070463887,0
0.0089711415,3.38438397824967E-05,0,0.0017170278,0.7653884888,0.0014318442,0.0036705079,0.0140725292,0
0.0136086896,2.89197218689476E-05,0,0.0018279954,0.8924453259,0.0042955326,0.0104993598,0.0248243465,0
0.007505154,2.49147307170937E-05,0,0.0024592493,0.8722276688,0.0070160367,0.0169014085,0.0194990585,0
0,2.32658543210871E-05,0,0.0008545689,0.8585386872,0.0002147766,0.0005121639,0.0101848665,0
0,2.32658543210871E-05,0,0.0049367862,0.1087719277,7.15922107674685E-05,0.0001707213,4.04964869297588E-05,0
0.0162193947,3.5506709420373E-05,0,0.0013758561,0.9540378451,0.0181844215,0.0428510457,0.2075444955,0
0.0881896793,3.13708948722542E-05,0.0001438969,0.0020688232,0.9368116856,0.0313215922,0.0722151088,0.3186263592,0
0.0512576067,2.7342755358171E-05,0,0.0017734279,0.9014237523,0.0078393471,0.0181818182,0.1194443882,0
0.0709685492,3.08147982903487E-05,0,0.001569503,0.9340917468,0.009521764,0.0225352113,0.1296697511,0
0.0513564048,8.1799146771687E-05,0.0036635266,0.0032578343,0.8975405097,0.151489118,0.2759709774,0.4240387146,0
0.092694522,8.31169194038543E-05,0.0015928256,0.0027222369,0.9533920884,0.1128651203,0.2034144259,0.4575293093,0
0.0547072519,8.38678949727768E-05,0,0.0024209538,0.8077400923,0.0712700458,0.1617584294,0.3229594833,0
0.0652167768,6.87329111679418E-05,0.0011183952,0.0026577743,0.8356395364,0.0827963918,0.1809645753,0.3258549821,0
0.07287688,6.93553455481334E-05,0,0.0025726039,0.8620188236,0.0721291523,0.1617584294,0.2851155162,0
0.0790347867,0.0001060173,0,0.0024741366,0.898424685,0.0759593356,0.1659411012,0.3402312349,0
0.1121188936,7.98503108035903E-05,0,0.0020977359,0.9181123376,0.0514032073,0.1169440888,0.2750926357,0
0.0837685929,6.2782636829642E-05,0,0.002338083,0.9302690029,0.0736683849,0.1679043961,0.324599591,0
0.0816538281,7.27691044940938E-05,0,0.0021227535,0.9556019306,0.0456400344,0.1062740077,0.2510377225,0
0.0742696203,0.000048589,0,0.0024031956,0.9417253733,0.0764604811,0.1726845924,0.3300261202,0
0.1861536444,8.85893426293409E-05,0,0.0019330855,0.9830890894,0.0720933562,0.168160478,0.4766638994,0
0.1037720893,9.15041376118544E-05,0.0004211942,0.0022170085,0.9731984138,0.0877004582,0.198292787,0.3921679794,0
0.109529943,6.79149207374283E-05,0.0006830121,0.0021894848,0.9807496071,0.0722007446,0.1615877081,0.3227772491,0
0.0836093362,6.76704403808004E-05,0.0006704915,0.0020946492,0.986513257,0.0710552692,0.1513444302,0.334581975,0
0.0590292282,8.43387392006636E-05,0.0003178653,0.0027714128,0.9843250513,0.081507732,0.1766965429,0.291250734,0
0.0908856241,7.88754894626793E-05,0,0.0022858493,0.9923247695,0.0811139748,0.1865130175,0.3596493004,0
0.0745607153,0.0001014563,0,0.0018878233,0.842893064,0.0405927835,0.0899701238,0.2135582238,0
0.0729785363,6.2081421091955E-05,0,0.0021552492,0.9028530121,0.0350801833,0.0788732394,0.2221839755,0
0.0495566323,5.98138871045225E-05,0,0.0026297575,0.8637069464,0.0563430699,0.127102006,0.2220422378,0
0.1657585049,6.36377447348708E-05,0,0.0016453523,0.948181808,0.0269544674,0.0592402902,0.2484054508,0
0.0442103455,5.95797672570211E-05,0.0015259964,0.0025931644,0.8982480168,0.0415950745,0.095006402,0.1998096665,0
0.056520211,8.44427130753452E-05,0,0.0023133587,0.9140604734,0.044494559,0.101579172,0.2095693199,0
0.0416467301,6.77293304827316E-05,0,0.0026622185,0.9259877801,0.0461769759,0.1055057618,0.200518355,0
0.0401640857,5.29916474252601E-05,0,0.0021763651,0.9338006377,0.0354739404,0.0800682885,0.1822949359,0
0.0277771151,4.53638234201278E-05,0,0.0022129502,0.9495485425,0.0181486254,0.0416559966,0.1026788426,0
0.0446482611,8.50093199846405E-05,0,0.0024860873,0.950832963,0.0504725086,0.118822023,0.2032923644,0
0.0386870877,0.000021811,0,0.0022988387,0.9498301148,0.0239475945,0.0545454545,0.1233725474,0
0.0393266185,5.50008918457635E-05,0,0.0025558474,0.9579159021,0.0753150057,0.1743064447,0.211330917,0
0.0528856794,4.11036301820436E-05,0,0.0022727874,0.981850028,0.0393757159,0.0914212548,0.2089618726,0
0.0275175786,0.000050547,0,0.0027388023,0.9699168205,0.0351875716,0.0816901408,0.13855873,0
0.0290564486,5.03168036780322E-05,0,0.0027172454,0.976006031,0.0394473081,0.0885189927,0.1729604957,0
0.003566353,4.0925386784486E-05,0.014242005,0.0050311533,0.1716438979,0.0062643184,0.0005121639,0.0158948711,0
0.003454659,0.000031141,0.0023035005,0.0042993466,0.9583156109,0.0052620275,0.0005121639,0.0194180655,0
0.0027322678,0.000023017,0,0.0044085916,0.883435607,0.0008591065,0,0.005568267,0
0,2.32658543210871E-05,0,0.0048210798,0.5730994344,0.0003579611,0,0.0008706745,0
0,2.32658543210871E-05,0,0,0,0,0,0,0
0,2.32658543210871E-05,0,0,0,0,0,0,0
0,2.32658543210871E-05,0,0,0,0,0,0,0
0,2.32658543210871E-05,0,0,0,0,0,0,0
0,2.32658543210871E-05,0,0,0,0,0,0,0
0,2.32658543210871E-05,0,0,0,0,0,0,0
0,2.32658543210871E-05,0,0,0,0,0,0,0
0,2.32658543210871E-05,0,0,0,0,0,0,0
0,2.32658543210871E-05,0,0,0,0,0,0,0
0,2.32658543210871E-05,0,0,0,0,0,0,0
0,2.32658543210871E-05,0,0,0,0,0,0,0
0,2.32658543210871E-05,0,0,0,0,0,0,0
0,2.32658543210871E-05,0,0,0,0,0,0,0
0,2.32658543210871E-05,0,0,0,0,0,0,0
0,2.32658543210871E-05,0,0,0,0,0,0,0
0,2.32658543210871E-05,0,0,0,0,0,0,0
0,2.32658543210871E-05,0,0,0,0,0,0,0
0,2.32658543210871E-05,0,0,0,0,0,0,0
0,2.32658543210871E-05,0,0,0,0,0,0,0
0,2.32658543210871E-05,0,0,0,0,0,0,0
0,2.32658543210871E-05,0,0,0,0,0,0,0
0.0035632644,2.38373993807931E-05,0,0.0042446813,0.9506849051,0.0007875143,0,0.0066819203,0
0,2.32658543210871E-05,0,0.0042232662,0.8095238209,0.0002147766,0,0.0014578735,0
0,2.32658543210871E-05,0,0,0,0,0,0,0
0,2.32658543210871E-05,0,0,0,0,0,0,0
0,2.32658543210871E-05,0,0,0,0,0,0,0
0,2.32658543210871E-05,0,0,0,0,0,0,0
0,2.32658543210871E-05,0,0,0,0,0,0,0
0,2.32658543210871E-05,0,0,0,0,0,0,0
0,2.32658543210871E-05,0,0,0,0,0,0,0
0,2.32658543210871E-05,0,0,0,0,0,0,0
0,2.32658543210871E-05,0,0.0044393293,0.5581395626,0.0002147766,0,0.0008706745,0
0.0035349629,3.70528483025095E-05,0,0.0047488778,0.9510567188,0.0044745132,0.0011950491,0.0154089133,0
0.0015204801,3.31307581502498E-05,0,0.0048889828,0.8720136285,0.0030068729,0,0.0092736955,0
0.0014827062,1.74548097682356E-05,0.0092674759,0.0053211398,0.8974359035,0.0047250859,0.0003414426,0.0096989086,0
0.0036785455,4.17385383732092E-05,0,0.0050198247,0.9445350766,0.0071592211,0.0009389671,0.0172515034,0
0.0042902691,4.8119350064346E-05,0.0020299035,0.0053601079,0.9681898355,0.0105598511,0.0005975245,0.0261202341,0
0.0845021557,9.87378473888374E-05,0,0.0023606087,0.8913790584,0.0950028637,0.2226205719,0.3575029866,0
0.0903131627,6.8329519731954E-05,0,0.0021709179,0.9113557935,0.0884163803,0.2059752454,0.3254702655,0
0.113067637,7.60186799102767E-05,0,0.0019818543,0.9334555268,0.0816867125,0.1877080666,0.2989248183,0
0.0791288608,0.000068149,0,0.0023493049,0.9377124906,0.0846577892,0.1971830986,0.3034401766,0
0.0701554387,7.82312997419945E-05,0,0.0021290348,0.9565432072,0.0667239404,0.1541613316,0.2733107903,0
0.0573228563,7.0339593915146E-05,0,0.0022588201,0.9590124488,0.0592067583,0.1381135297,0.2202806407,0
0.0711551331,0.000135681,0.0003328564,0.0027874375,0.8200744987,0.117518614,0.2709346991,0.3915200356,0
0.06652581,6.95034668314203E-05,0,0.002397347,0.8623307347,0.0685137457,0.1544174136,0.2635308887,0
0.0936620564,0.0001068886,0,0.0020629603,0.9167464375,0.0652920962,0.1507469057,0.3368902748,0
0.0759006389,4.98923368459765E-05,0,0.001950123,0.9334961176,0.0453178694,0.1049082373,0.2757608277,0
0.065922844,6.34496334997832E-05,0,0.0022808467,0.9251233935,0.0588845934,0.1344430218,0.2505315164,0
0.3780631435,6.16977048274979E-05,3.81818133610169E-05,0.001421926,0.9699571133,0.064182417,0.1499786598,0.3548909632,0
0.1595427733,8.57115297088816E-05,0.0005267342,0.001923081,0.9736022353,0.0715922108,0.1643192488,0.4336768785,0
0.0738019997,6.52663153541088E-05,0,0.002426393,0.947930932,0.0853737113,0.1911224925,0.2731893008,0
0.1481330079,6.73013083480447E-05,0.0001717165,0.0017516583,0.9745268226,0.0564146621,0.1316261204,0.2806406544,0
0.0409064197,4.46565688539845E-05,0.0005312445,0.0026826479,0.9537042975,0.0621778351,0.1432351686,0.195942252,0
0.0765846185,8.27333443142991E-05,0.0001221797,0.0021366484,0.9763104916,0.0538015464,0.1270166453,0.2327333104,0
0.0552844408,5.14969077318932E-05,0,0.0021368798,0.9838667512,0.0430985109,0.0999573197,0.1887743738,0
0.0815921245,0.000053876,0,0.0019067275,0.990691781,0.0273124284,0.0645326504,0.2407313666,0
0.1218099562,6.19138119099664E-05,0,0.0017044651,0.9880847335,0.0506872852,0.119078105,0.1829023832,0
0.0955401911,6.04077839866892E-05,0,0.00199422,0.991494596,0.0520117411,0.1177976953,0.2376738818,0
0.0552872921,0.0002785408,0,0.0024384593,0.7386078835,0.0447451317,0.104737516,0.2185797882,0
0.1157584965,0.0003384465,0.0006743745,0.003012947,0.8442454338,0.0908863116,0.1904396073,0.3858707757,0
0.1028317138,0.0008909938,0.00115191,0.002933093,0.83817029,0.1678479381,0.2943235169,0.6017575475,0
0.0936234434,0.000267327,0.0066500581,0.003082022,0.8939742446,0.1633018328,0.2645326504,0.5582643206,0
0.0910483598,0.0001477512,0.0001650555,0.0027892722,0.9095011353,0.1173754296,0.2242424242,0.4643529674,0
0.1041878191,0.0001738898,0,0.0028072547,0.9465455413,0.1109679267,0.2116090482,0.5767104704,0
0.0871666138,0.0002443155,0,0.0028197213,0.936222434,0.1042024628,0.220401195,0.4813817401,0
0.0845406985,9.33323353046056E-05,8.72037558369411E-05,0.0025131113,0.9531792402,0.0863760023,0.1883055911,0.4256383259,0
0.08425727,8.84410801711521E-05,0,0.0024483576,0.9643731117,0.0990836197,0.2247545881,0.3922489724,0
0.0946691717,0.0001120381,0,0.0022435735,0.9775229096,0.0908505155,0.2117797695,0.3976957499,0
0.095015349,9.0809464898702E-05,4.58498175835378E-05,0.0024877897,0.9790169001,0.1305126002,0.3012377294,0.3911555673,0
0.0795078714,9.49123244708709E-05,0,0.0023773898,0.9865506887,0.1044530355,0.2419120785,0.3350679329,0
0.0742034977,0.000108058,0,0.0026313959,0.9864128232,0.1123281787,0.2638497653,0.3024682609,0
0.1068735021,0.000074188,0,0.0023590929,0.9928838015,0.0993699885,0.2291079812,0.4108571081,0
0.0301786173,0.5941969587,0,0.0035609389,0.9977229238,0.035652921,0.0431924883,0.0463077328,1
0.0378122245,0.755664618,0,0.0034847322,1,0.0415234822,0.0515578318,0.0555409318,1
0.0372760299,0.6869416099,0,0.0034448433,1,0.0404853952,0.0513871105,0.0551967117,1
0.0444846871,0.8370780241,0,0.0033943317,1,0.0437428408,0.0554844217,0.0629315407,1
0.0480298723,1,0,0.0033704584,1,0.0444587629,0.0562526675,0.0670419341,1
0.0434128626,0.9024771902,0,0.0033402179,1,0.0416666667,0.0533504055,0.0608459716,1
0.0389213399,0.7704376215,0,0.0033857518,1,0.040091638,0.0505335041,0.0569583089,1
0.0384921429,0.7583338783,0,0.0034259317,1,0.0413802978,0.0519846351,0.0554599389,1
0.0412833611,0.8459947233,0,0.0033891993,1,0.0427405498,0.0550576184,0.058962885,1
0.0479694733,0.9733062644,0,0.0033177079,1,0.0447451317,0.0565087495,0.0658067913,1
0.0478091084,0.9814288932,0,0.003338198,1,0.0453894616,0.0583866837,0.0659687772,1
0.0419107013,0.8609333665,0,0.0033315781,1,0.042132016,0.0535211268,0.0590843744,1
0.0435311706,0.8867941355,0,0.0033362921,1,0.0425615693,0.05394793,0.0608864681,1
0.0395192626,0.8240027225,0,0.0033581852,1,0.0390893471,0.0492530943,0.0558446555,1
0.0454455931,0.9635817112,0,0.0033377337,1,0.0434206758,0.0545454545,0.0627493065,1
0.0455359847,0.907065446,0,0.0033229289,1,0.0434206758,0.0552283397,0.0625670723,1
0.0442231779,0.9379290187,0,0.0033209054,1,0.0415234822,0.0527528809,0.0611901918,1
0.048526756,0.9766538973,0,0.0033049039,1,0.0445303551,0.0570209134,0.0664952315,1
0.04576162,0.9235318085,0,0.0033047599,1,0.0431701031,0.0550576184,0.0626075688,1
0.0432984861,0.9147551172,0,0.0033304592,1,0.0409507446,0.0520699957,0.0603195173,1
0.0465772731,0.9342911738,0,0.0033018562,1,0.0433132875,0.0551429791,0.0645514002,1
0.0327713486,0.6510070705,0,0.0034489396,1,0.037693299,0.0472897994,0.0480895782,1
0.0319784284,0.559749354,0,0.0034998234,1,0.0386955899,0.047631242,0.0484540466,1
0.0284398032,0.5381389526,0,0.0034848497,1,0.0352233677,0.0419120785,0.0444043979,1
0.0342669832,0.606022291,0,0.0034587314,1,0.0392325315,0.0480580452,0.0508838358,1
0.034362432,0.6320341609,0,0.0034256666,1,0.0371563574,0.0467776355,0.0499524166,1
0.0315226267,0.5574166131,0,0.0034740088,1,0.0365836197,0.0451557832,0.0479680888,1
0.0302123064,0.535763775,0,0.0034773959,1,0.0365836197,0.0462654716,0.0462064916,1
0.0323370909,0.5563532423,0,0.0034845764,1,0.0383018328,0.0484848485,0.0493247211,1
0.0292689323,0.5400538413,0,0.0035513502,1,0.0369415808,0.0451557832,0.0446068804,1
0.0321664607,0.5535334004,0,0.0034581924,1,0.0383018328,0.0475458813,0.048818515,1
0.0324128264,0.5026862745,0,0.0034286978,1,0.0367268041,0.0460947503,0.0486767773,1
0.0325683375,0.5437813271,0,0.0034906721,1,0.0375859107,0.0455825864,0.0499119201,1
0.0290890978,0.411316495,0,0.0034184602,1,0.0335767468,0.0433632096,0.0448093628,1
0.0278900538,0.3501513166,0,0.0033924834,1,0.0325744559,0.0420827998,0.0442019155,1
0.028935847,0.3308107328,0,0.0033706278,1,0.032932417,0.0419120785,0.0457205337,1
0.0278506587,0.3606613489,0,0.0034474707,1,0.0327534364,0.0422535211,0.0445056391,1
0.0263057004,0.3014462264,0,0.0033519176,1,0.0307488545,0.0399487836,0.0425213113,1
0.0282460596,0.3427781973,0,0.0034246953,1,0.032932417,0.0420827998,0.0454370583,1
0.0284969301,0.3741366124,0,0.0034126999,1,0.0334335624,0.0425096031,0.0446271286,1
0.0273165385,0.3506666693,0,0.0034311373,1,0.0325386598,0.041314554,0.0431085103,1
0.029355673,0.3261265344,0,0.0033464662,1,0.0322880871,0.0422535211,0.0464697188,1
0.0273295235,0.3376810086,0,0.0034211386,1,0.0324670676,0.0420827998,0.0435337234,1
0.0221987242,0.275708991,0,0.0033931,0.9991216063,0.0330398053,0.0428510457,0.0440196813,1
0.0388720478,0.4471292474,0,0.0032640062,1,0.0366552119,0.0505335041,0.0567153299,1
0.0418925626,0.4507132322,0,0.003239611,1,0.0372995418,0.0513871105,0.0588211473,1
0.0476409507,0.5568936841,0,0.0032239162,1,0.04145189,0.0578745198,0.065948529,1
0.0442023739,0.5006664979,0,0.0032516331,1,0.0391967354,0.0545454545,0.0619393768,1
0.0414083851,0.4671481094,0,0.0032620191,1,0.0372279496,0.052240717,0.0594083463,1
0.0392460187,0.4482522844,0,0.0032630506,1,0.0369415808,0.0510456679,0.0571405431,1
0.032620295,0.3772194766,0,0.0032950787,1,0.0339347079,0.0449850619,0.0492437281,1
0.0341976587,0.3674453353,0,0.0032859777,1,0.0342210767,0.0470337175,0.0514102902,1
0.0346826323,0.3621089861,0,0.0032931684,1,0.0343642612,0.0474605207,0.0515722761,1
0.0364808476,0.4097960925,0,0.0033287574,1,0.0365478236,0.0501920615,0.0532326321,1
0.0340085672,0.2924032558,0,0.0031381927,1,0.0288516609,0.044472898,0.0496284447,1
0.0368958339,0.2525374261,0,0.0030376382,1,0.026489118,0.0439607341,0.0536375969,1
0.0363573316,0.3037832866,0,0.0030650111,1,0.0288516609,0.0453265045,0.0525239435,1
0.0369228209,0.2899977966,0,0.003070513,1,0.0277777778,0.0448143406,0.0532933768,1
0.0372301257,0.2547999508,0,0.0030059773,1,0.0270618557,0.0451557832,0.0544475267,1
0.0367128518,0.2727318172,0,0.0030258174,1,0.0272408362,0.0448997012,0.0532326321,1
0.0391877766,0.3300565029,0,0.0030746736,1,0.0301403207,0.0481434059,0.055723166,1
0.0376889645,0.2821895719,0,0.0030596784,1,0.028207331,0.0464361929,0.0537995829,1
0.0368589218,0.2527626377,0,0.0029979347,1,0.0269186712,0.0443021767,0.053475611,1
0.0344181245,0.2646522151,0,0.003061527,1,0.0262027491,0.0429364063,0.0493652176,1
0.0368869119,0.2556620661,0,0.0030073155,1,0.0277777778,0.0457533077,0.0530503979,1
0.0377685753,0.277249125,0,0.0030311452,1,0.0279209622,0.0463508323,0.0541235548,1
0.0354550851,0.3226276353,0,0.003060695,1,0.0284221077,0.0443021767,0.0508433393,1
0.0372393914,0.2859750953,0,0.0030344583,1,0.0283505155,0.0456679471,0.0530301496,1
0.0395102565,0.310836054,0,0.0030360178,1,0.0294243986,0.0478873239,0.0554396906,1
0.0365862145,0.2661741046,0,0.0030006476,1,0.0269186712,0.0452411438,0.051815255,1
0.0365672026,0.2703150527,0,0.0030051888,1,0.0271334479,0.0445582586,0.0523619576,1
0.0388504021,0.2709936849,0,0.0030176507,1,0.0281357388,0.0473751601,0.0552574564,1
0.0359430047,0.2811935144,0,0.0030231402,1,0.0276345934,0.0462654716,0.0514305384,1
0.034572594,0.2822011369,0,0.0030861046,1,0.0273482245,0.0438753735,0.0504586227,1
0.0375386824,0.2798428112,0,0.0030142921,1,0.0279925544,0.0460947503,0.0534958592,1
0.0326243562,0.251606841,0,0.0030547131,1,0.0256300115,0.0414852753,0.0479275923,1
0.0395929044,0.3151718377,0,0.0029354903,1,0.0269186712,0.0433632096,0.0548727398,1
0.0417886933,0.3305808008,0,0.0029969203,1,0.0281357388,0.0458386684,0.0578897281,1
0.038084753,0.2958154406,0,0.0030453006,1,0.0274914089,0.0437046522,0.0541842995,1
0.0326753702,0.280948123,0,0.0030845294,1,0.0263459336,0.0408877507,0.0477453581,1
0.0361551307,0.3008898768,0,0.0030526102,1,0.0271334479,0.0428510457,0.0514710349,1
0.040636553,0.344309504,0,0.0030482609,1,0.0293528064,0.0455825864,0.0574037702,1
0.0370171475,0.3365034035,0,0.0030545655,1,0.0277061856,0.0423388818,0.0517950068,1
0.0456510557,0.3452134895,0,0.0030180529,1,0.0307846506,0.0488262911,0.0615546601,1
0.0491086795,0.368031164,0,0.0029657217,1,0.031930126,0.0520699957,0.0647538826,1
0.042609351,0.319999844,0,0.002986659,1,0.0282789233,0.0454118651,0.0589021402,1
0.035360222,0.2792462671,0,0.0030569388,1,0.0260953608,0.0412291933,0.0511875595,1
0.0348601048,0.2625980738,0,0.0030553308,1,0.026489118,0.0425096031,0.0504383745,1
0.0281637063,0.1050452304,0,0.0029697229,1,0.0212628866,0.0361075544,0.0441816672,1
0.023578846,0.0778450932,0,0.0030387786,1,0.0194014891,0.0324370465,0.0376414846,1
0.0309021323,0.1364698495,0,0.0029924199,1,0.0235538373,0.0395219804,0.047239152,1
0.0277809712,0.1039321299,0,0.003004876,1,0.0218356243,0.0367904396,0.0438981918,1
0.0287496419,0.1303549248,0,0.0029870403,1,0.0225515464,0.0376440461,0.043493227,1
0.0325365212,0.1329106706,0,0.0029640759,1,0.0229095074,0.0405463082,0.048150323,1
0.030898983,0.1364654123,0,0.0030006056,1,0.0236970218,0.0396927017,0.0464292223,1
0.0229052333,0.0799178743,0,0.0030432581,1,0.0196162658,0.0311566368,0.0373377609,1
0.0261629866,0.1044125515,0,0.0030160416,1,0.0215492554,0.0350832266,0.0406584729,1
0.0285421259,0.1058531788,0,0.0030366545,1,0.0219788087,0.0367904396,0.0443639014,1
0.022912628,0.112512121,0,0.0030863465,1,0.0195446735,0.0313273581,0.0355761638,1
0.0181594172,0.0850192936,0,0.0031276034,1,0.0170389462,0.0271446863,0.0295016907,1
0.0151765527,0.071584437,0,0.0030254478,1,0.0135309278,0.0222791293,0.0245611193,1
0.0201808514,0.1070065445,0,0.0030524836,1,0.0176116838,0.028681178,0.0317289975,1
0.0182335745,0.0861614306,0,0.0031460535,1,0.0157144903,0.0254374733,0.0303116205,1
0.0208955163,0.0953736994,0,0.0030836736,1,0.018685567,0.0298762271,0.0339765525,1
0.0187011951,0.0823275346,0,0.0030908958,1,0.0176832761,0.0275714895,0.0305141029,1
0.0177036418,0.0735846416,0,0.0031655681,1,0.0177548683,0.0272300469,0.0295624355,1
0.0174990806,0.0759366832,0,0.0031339861,1,0.0179696449,0.0270593257,0.0302913722,1
0.0146385984,0.0640189603,0,0.003169652,1,0.0148195876,0.0219376867,0.0256545245,1
0.0141234147,0.0485247315,0,0.0031241065,1,0.0137457045,0.0215108835,0.0250065807,1
0.0128185716,0.0318174974,0,0.0030062879,1,0.0110252005,0.0186086214,0.0229817563,1
0.0108915989,0.0221535,0,0.0029023711,1,0.0088058419,0.0154502774,0.0189726041,1
0.0089890426,0.0182019148,0,0.0030780021,1,0.0085910653,0.0145966709,0.0164618219,1
0.009865149,0.0123098644,0,0.0029169561,1,0.0083046964,0.0157063594,0.017960192,1
0.0095264953,0.0011789225,0,0.0028634155,1,0.0070876289,0.0145113103,0.0173527446,1
0.0086323879,0.0051843396,0,0.002815265,1,0.0065864834,0.0130601793,0.0159961123,1
0.0089450716,0.0149378792,0,0.0029139698,1,0.0075887743,0.0138284251,0.0167857938,1
0.0114884538,0.030305869,0,0.0030178204,1,0.0100945017,0.0164746052,0.0206329601,1
0.0085791618,0.0137742126,0,0.002936476,1,0.0076603666,0.0133162612,0.0156113957,1
0.009997822,0.0079946891,0,0.0028732343,1,0.007803551,0.0145966709,0.0179804402,1
0.0106427117,0.0123111219,0,0.0028998795,1,0.0089490263,0.0169867691,0.0190738453,1
0.0098818919,0.0036422478,0,0.0028105637,1,0.0072308133,0.0151088348,0.0178994472,1
0.0115621438,0.0038155801,0,0.0027297724,1,0.0077319588,0.0157063594,0.0201874987,1
0.0109146492,0.0062778474,0,0.0028273013,1,0.0082331042,0.0165599659,0.0189523559,1
0.0086182894,0.0011790914,0,0.0028634069,1,0.0066580756,0.012889458,0.0156923887,1
0.0103807877,0.0062808057,0,0.0027882179,1,0.0073024055,0.0149381135,0.0181626744,1
0.0085419919,0.0011777174,0,0.0028120181,1,0.0065148912,0.0129748186,0.0158746229,1
0.0081316534,0.0011771836,0,0.0027974569,1,0.0061569301,0.0121212121,0.0147812177,1
0.0113574011,0.0062826873,0,0.0028682362,1,0.0083046964,0.0159624413,0.0198230304,1
0.0109578451,0.0062833474,0,0.0028559255,1,0.0082331042,0.0162185233,0.0198837751,1
0.0108698559,0.0079969187,0,0.0028520336,1,0.0082331042,0.0162185233,0.0198230304,1
0.0176775824,0.0424559638,0,0.0028549089,1,0.0117411226,0.0227059326,0.0291574706,1
0.0252657605,0.0921093761,0,0.0028432418,1,0.0148195876,0.0293640632,0.0367303136,1
0.0271257707,0.0952578719,0,0.0027382646,1,0.0152491409,0.0297055058,0.0399092879,1
0.0230638693,0.0887915704,0,0.0028234982,1,0.0140320733,0.0268032437,0.0343410209,1
0.0241495433,0.0735025475,0,0.002711479,1,0.0133161512,0.0274861289,0.035515419,1
0.0263648193,0.0858767593,0,0.0028226957,1,0.014604811,0.028681178,0.0378844635,1
0.0226135842,0.0701929376,0,0.0028022255,1,0.0127434135,0.025266752,0.034179035,1
0.0232880649,0.0688020517,0,0.0027598706,1,0.0131729668,0.0260349979,0.0347054893,1
0.0233156411,0.0843428563,0,0.0027381057,1,0.012242268,0.0240717029,0.0331261263,1
0.0244426461,0.0983976231,0,0.0027621189,1,0.01360252,0.0267178831,0.0354951708,1
0.0271592844,0.1236289525,0,0.0028374652,1,0.0166809851,0.0319248826,0.0393423371,1
0.0255288778,0.0935003445,0,0.0027794305,1,0.0148911798,0.0282543747,0.0372162715,1
0.0143942414,0.0049513319,0,0.0028559608,1,0.0104524628,0.0209133589,0.0251888149,1
0.0150158686,1.07868962252822E-05,0,0.002832445,1,0.010882016,0.0216816048,0.0260797376,1
0.0132498781,1.01371545854965E-05,0,0.0028191084,1,0.0095933562,0.0191207853,0.0239334238,1
0.0132810008,1.1606403565711E-05,0,0.0028441455,1,0.0098797251,0.0192915066,0.0240549132,1
0.0149620348,1.06744374508849E-05,0,0.0028199122,1,0.010882016,0.0215962441,0.0259379999,1
0.0137438903,1.04778369944011E-05,0,0.0028640665,1,0.0095933562,0.0194622279,0.0240954097,1
0.0106811169,1.00312474789951E-05,0,0.0028363471,1,0.0080183276,0.0163038839,0.0190131006,1
0.015575594,1.06700754345286E-05,0,0.0027814934,1,0.0104524628,0.0211694409,0.0268896673,1
0.0163153467,1.14026262381943E-05,0,0.0028405491,1,0.0114547537,0.0229620145,0.0282867961,1
0.015281788,0.000011377,0,0.002814396,1,0.0104524628,0.0210840802,0.02628222,1
0.0139352526,0.000010612,0,0.0028250276,1,0.0095933562,0.019206146,0.0240751615,1
0.0144895455,0.000011386,0,0.0028234458,1,0.0105956472,0.0214255228,0.0252293114,1
0.013346265,1.08129257079582E-05,0,0.0028797478,1,0.0101660939,0.0191207853,0.0236094519,1
0.0115983685,1.04442460111126E-05,0,0.0028568248,1,0.0088058419,0.0175842936,0.0213011521,1
0.0120797535,1.05149415040743E-05,0,0.0028764275,1,0.0094501718,0.0181818182,0.0217466135,1
0.0112602075,1.02956680702349E-05,0,0.0028911967,1,0.0086626575,0.017242851,0.0203494847,1
0.0104522349,1.33143022350492E-05,0,0.0028368558,1,0.0097723368,0.0194622279,0.023366473,1
0.0186499285,1.1812659377092E-05,0,0.0027846361,1,0.0126002291,0.0261203585,0.0319517282,1
0.0202803842,1.14865871299728E-05,0,0.0028391124,1,0.01360252,0.0283397354,0.0339968008,1
0.0182914589,1.18552855541014E-05,0,0.0027877685,1,0.0124570447,0.0256081946,0.0313645291,1
0.0194963072,1.18104488374292E-05,0,0.0028609625,1,0.0136383162,0.0274861289,0.0329641404,1
0.0185066554,1.08989055448898E-05,0,0.0027745267,1,0.0117411226,0.0250106701,0.0314657703,1
0.0139026543,1.06048727976986E-05,0,0.0027909258,1,0.0094501718,0.020657277,0.0243181404,1
0.0168124338,1.03951041802129E-05,0,0.002765754,1,0.0108104238,0.0235595391,0.0288739952,1
0.0129067748,1.07764622475844E-05,0,0.0028350009,1,0.0094143757,0.0204865557,0.022536295,1
0.0101321723,1.07531438992488E-05,0,0.0029216524,1,0.0088058419,0.0180964575,0.0186688805,1
0.0106951058,9.86742264871326E-06,0,0.0029435111,1,0.0093069874,0.0197183099,0.0196610444,1
0.0127647458,1.07916399900978E-05,0,0.0029383011,1,0.0101660939,0.0207426376,0.0226982809,1
0.0145784484,1.02804298241921E-05,0,0.0028514408,1,0.0101660939,0.0219376867,0.0257962622,1
0.0181265172,1.0992131399745E-05,0,0.0027812804,1,0.0112399771,0.0244985062,0.0300078968,1
0.0117135306,1.03262972617041E-05,0,0.0029094984,1,0.0090206186,0.0187793427,0.0213618969,1
0.0094139565,1.00658194837957E-05,0,0.0029440435,1,0.0086626575,0.0183525395,0.0175349788,1
0.0104415716,1.03471897066235E-05,0,0.0028744553,1,0.0088058419,0.0188647034,0.0189321076,1
0.011255131,9.95912150973163E-06,0,0.0028643283,1,0.0086626575,0.019206146,0.0201672505,1
0.009142766,1.07913101018066E-05,0,0.0030091814,1,0.008161512,0.0176696543,0.0168667868,1
0.0098557799,1.02454789520528E-05,0,0.0029501177,1,0.0087342497,0.0186086214,0.0183044121,1
0.0082252707,1.01090852695443E-05,0,0.0029752951,1,0.007803551,0.0169014085,0.0152671756,1
0.0093621823,1.00886408388543E-05,0,0.0029299725,1,0.0083762887,0.0179257362,0.0172110069,1
0.008921191,9.71076604610287E-06,0,0.0029082277,1,0.0080899198,0.0174135723,0.0166845526,1
0.0082370343,1.10745818641293E-05,0,0.0030131751,1,0.0075887743,0.0163892446,0.0159151194,1
0.0090165662,9.75329138389663E-06,0,0.0029714906,1,0.007803551,0.017242851,0.0168060421,1
0.0097165416,9.82909222228994E-06,0,0.0029084407,1,0.0085910653,0.0181818182,0.0181829226,1
0.0093608075,1.06135622569659E-05,0,0.0029698757,1,0.0080899198,0.0174135723,0.0171097657,1
0.0051440149,9.82065774218212E-06,0,0.0031044117,1,0.0061569301,0.0131455399,0.0106505761,1
0.0055137983,8.25071936459533E-06,0,0.003080059,1,0.0066580756,0.0138284251,0.0108530585,1
0.0073646874,9.28687687869673E-06,0,0.0029792838,1,0.0071592211,0.0153649168,0.0139510397,1
0.0058541183,1.04581647039908E-05,0,0.0031015615,1,0.0063001145,0.0134016219,0.0114605058,1
0.0069108076,7.6918324175371E-06,0,0.0029540466,1,0.00680126,0.0151088348,0.0130196205,1
0.0052022838,9.84960003762977E-06,0,0.0031662247,1,0.0060853379,0.0135723431,0.0105088384,1
0.006667921,9.00762571995745E-06,0,0.0030435687,1,0.0067296678,0.0148527529,0.0127968899,1
0.0052870324,0.000009266,0,0.0032371657,1,0.0063717068,0.0138284251,0.0103873489,1
0.002673004,1.43483558109444E-05,0,0.0034993985,1,0.0046534937,0.0107554417,0.0057909976,1
0.0033729586,1.10433879730526E-05,0,0.0033598029,1,0.0051546392,0.0115236876,0.0072083747,1
